{"cameraMode":{"drawMode":0,"name":"Shaded","section":"Shading Mode"},"sceneLighting":true,"audioPlay":false,"sceneViewState":{"showFog":true,"showMaterialUpdate":false,"showSkybox":true,"showFlares":true,"showImageEffects":true,"showParticleSystems":true},"in2DMode":false,"pivot":{"x":0.04567744582891464,"y":1.0905834436416627,"z":0.7429680824279785},"rotation":{"x":-0.002991729648783803,"y":0.9963280558586121,"z":-0.039185453206300738,"w":-0.07606611400842667},"size":4.657884120941162,"orthographic":false}